{
    "loss": 13.74057674407959,
    "accuracy": 0.5827338099479675
}